{"cameraMode":{"drawMode":0,"name":"Shaded","section":"Shading Mode"},"sceneLighting":false,"audioPlay":false,"sceneViewState":{"m_AlwaysRefresh":false,"showFog":true,"showSkybox":false,"showFlares":true,"showImageEffects":true,"showParticleSystems":true,"showVisualEffectGraphs":true,"m_FxEnabled":true},"in2DMode":false,"pivot":{"x":0.05564069747924805,"y":2.6550002098083498,"z":1.2284451723098755},"rotation":{"x":0.008550833910703659,"y":-0.9800733923912048,"z":0.19388994574546815,"w":0.043257080018520358},"size":4.660430908203125,"orthographic":false}